﻿pos_x,pos_y,rotation,side,designator,mpn,pack,footprint,value,mount_type,place
109.4196,-113.3404,-90.0,top,C2,,,C_Disc_D5.0mm_W2.5mm_P5.00mm,0.1uf,tht,True
143.5826,-113.3404,-90.0,top,C3,,,C_Disc_D5.0mm_W2.5mm_P5.00mm,0.1uf,tht,True
109.2926,-76.1294,-90.0,top,C4,,,C_Disc_D5.0mm_W2.5mm_P5.00mm,0.1uf,tht,True
143.7096,-76.1294,-90.0,top,C5,,,C_Disc_D5.0mm_W2.5mm_P5.00mm,0.1uf,tht,True
125.984,-94.742,-90.0,top,C6,,,C_Disc_D5.0mm_W2.5mm_P5.00mm,0.1uf,tht,True
165.227,-97.155,0.0,top,GanksoftLogo,,,GanksoftLogo,LOGO,tht,False
107.569,-72.644,0.0,top,H1,,,MountingHole_2.2mm_M2_ISO7380_Pad,MountingHole,tht,False
185.293,-72.644,0.0,top,H2,,,MountingHole_2.2mm_M2_ISO7380_Pad,MountingHole,tht,False
107.569,-122.428,0.0,top,H3,,,MountingHole_2.2mm_M2_ISO7380_Pad,MountingHole,tht,False
185.293,-122.428,0.0,top,H4,,,MountingHole_2.2mm_M2_ISO7380_Pad,MountingHole,tht,False
183.24,-115.93,180.0,top,J1,,,PinHeader_2x16_P2.54mm_Vertical,EPROM Connector,tht,True
156.337,-95.885,0.0,top,JP1,,,PinHeader_1x02_P2.54mm_Vertical,PWR,tht,True
141.4446,-97.3664,0.0,top,U1,,,Teensy41,Teensy4.1,tht,True
112.5946,-119.6904,90.0,top,U2,,,DIP-20_W7.62mm_Socket,74HC245,tht,True
146.8846,-119.6904,90.0,top,U3,,,DIP-20_W7.62mm_Socket,74HC245,tht,True
112.5946,-82.4794,90.0,top,U4,,,DIP-20_W7.62mm_Socket,74HC245,tht,True
146.8846,-82.4794,90.0,top,U5,,,DIP-20_W7.62mm_Socket,74HC245,tht,True
129.159,-101.042,90.0,top,U6,,,DIP-14_W7.62mm_Socket,74HC32,tht,True
