﻿Designator,Quantity,Value,Footprint,Package,MPN,DNP,Mount_Type,Description
"C2, C3, C4, C5, C6",5,0.1uf,C_Disc_D5.0mm_W2.5mm_P5.00mm,,,,tht,"Unpolarized capacitor, small symbol"
GanksoftLogo,1,LOGO,GanksoftLogo,,,,tht,
"H1, H2, H3, H4",4,MountingHole,MountingHole_2.2mm_M2_ISO7380_Pad,,,,tht,Mounting Hole without connection
J1,1,EPROM Connector,PinHeader_2x16_P2.54mm_Vertical,,,,tht,"Generic connector, double row, 02x16, counter clockwise pin numbering scheme (similar to DIP package numbering), script generated (kicad-library-utils/schlib/autogen/connector/)"
JP1,1,PWR,PinHeader_1x02_P2.54mm_Vertical,,,,tht,"Jumper, 2-pole, open"
U1,1,Teensy4.1,Teensy41,,,,tht,
"U2, U3, U4, U5",4,74HC245,DIP-20_W7.62mm_Socket,,,,tht,"Octal BUS Transceivers, 3-State outputs"
U6,1,74HC32,DIP-14_W7.62mm_Socket,,,,tht,Quad 2-input OR
